{"log_min": 10.730881494783121, "log_max": 12.708243928285254}